{"Ulm 4K": [48.40124930000002, 9.987106400000005], "KITTI 0009": [49.008880083375, 8.4397831516373], "KITTI 0033": [48.99285772495601, 8.384190404327802], "comma": [37.672493510986605, -122.4660400903195], "Ulm #2": [48.40095139997199, 9.996814299999995], "London": [51.52328249999999, -0.12616780000000463]}