{"Ulm, Germany": [48.3984968, 9.9912458], "Karlsruhe, Germany": [49.0068705, 8.4034195], "Daly City, California, USA": [37.6904826, -122.47267], "London, UK": [51.5074456, -0.1277653], "Schaffnerstraße, Ulm, Germany": [48.4030832, 9.9914587], "Victoria Street, London, UK": [51.4966697, -0.1413081]}