{"Ulm, Germany": [48.3984968, 9.9912458], "Karlsruhe, Germany": [49.0068705, 8.4034195], "Daly City, California, USA": [37.6904826, -122.47267], "London, UK": [51.5074456, -0.1277653], "Schaffnerstraße, Ulm, Germany": [48.4030832, 9.9914587], "Victoria Street, London, UK": [51.4966697, -0.1413081], "Málaga, Spain": [36.7647913, -4.4422005], "Vaughan, Ontario, Canada": [43.7941544, -79.5268023], "__extent__Ulm, Germany": [48.387622, 9.942661000000001, 11658.768828741711], "__extent__London, UK": [51.4893171, -0.08817979999999997, 36943.739159341625], "__extent__Daly City, California, USA": [37.67838945, -122.45295615, 5367.009713120364]}